Name,SMILES,AftertasteScore
Coconut sugar,C(C1C(C(C(C(O1)O)O)O)O)O,7.0
Date sugar,C(C1C(C(C(C(O1)O)O)O)O)O,7.0
Pomegranate molasses,C1=CC(=CC=C1C(=O)O)O,3.0
Stevia,CC12CCCC(C1CCC34C2CCC(C3)(C(=C)C4)OC5C(C(C(C(O5)CO)O)OC6C(C(C(C(O6)CO)O)O)O)OC7C(C(C(C(O7)CO)O)O)O)(C)C(=O)OC8C(C(C(C(O8)CO)O)O)O,7.48
Aspartame,COC(=O)C(CC1=CC=CC=C1)NC(=O)C(CC(=O)O)N,4.51
Sucralose,C(C1C(C(C(C(O1)OC2(C(C(C(O2)CCl)O)O)CCl)O)O)Cl)O,6.38
Saccharin,C1=CC=C2C(=C1)C(=O)NS2(=O)=O,4.33
Acesulfame potassium,CC1=CC(=O)[N-]S(=O)(=O)O1.[K+],5.24
Xylitol,C(C(C(C(CO)O)O)O)O,4.57
Erythritol,C(C(C(CO)O)O)O,4.16
Maltitol,C(C1C(C(C(C(O1)OC(C(CO)O)C(C(CO)O)O)O)O)O)O,6.41
Sorbitol,C(C(C(C(C(CO)O)O)O)O)O,4.47
Allulose,C1C(C(C(C(O1)(CO)O)O)O)O,5.3
Isomalt,C(C1C(C(C(C(O1)OCC(C(C(C(CO)O)O)O)O)O)O)O)O,6.59
Lactitol,C(C1C(C(C(C(O1)OC(C(CO)O)C(C(CO)O)O)O)O)O)O,6.41
