Name,Molecular Weight,XLogP,HBond Donor Count,Topological Polar Surface Area,Complexity,SweetnessIndex
Coconut sugar,342.3,-3.7,8,180.15,378.0,6
Date sugar,180.16,-3.2,5,110.38,120.0,8
Pomegranate molasses,138.12,0.7,3,77.76,125.0,3
Stevia,967.0,-2.8,14,374,1760,250
Aspartame,294.30,-2.7,3,119,380,200
Sucralose,397.6,-1.5,5,129,405,600
Saccharin,183.19,0.9,1,71.6,303,300
Acesulfame potassium,201.24,,0,69.8,288,200
Xylitol,152.15,-2.5,5,101,76.1,1
Erythritol,122.12,-2.3,4,80.9,48,0.7
Maltitol,344.31,-5.2,9,201,343,0.9
Sorbitol,182.17,-3.1,6,121,105,0.6
Allulose,180.16,-2.8,5,110,162,0.7
Isomalt,344.31,-5.2,9,201,343,0.5
Lactitol,344.31,-5.2,9,201,343,0.35
